IdEmpleado,Nombre,AñoIncorporación,Sueldo,Departamento
abc8ba51-c99d-4a0f-bfaf-88847b4e30bc,Marline,2011,2393.78,Support
712bc901-bd33-4508-8625-d1629ed52d50,Lesly,1998,1431.67,Legal
fa491dfa-e456-4d31-bbca-0ae7604ce068,Axe,2007,1943.54,Services
5d0fae35-f17a-47c2-9665-f54bed9e7ad3,Rowan,1986,1255.61,Marketing
e988d54c-0a4e-4257-9349-d07d43099f62,Perl,2001,1022.36,Engineering
e937254c-1eca-48a0-9a67-20eb685d1bf0,Kissiah,1995,1178.04,Support
2d5b5eb2-0669-41b7-a4cb-165c4884d008,Sanders,2000,2386.35,Product Management
e3315cd8-63e5-48cb-b8cc-f83e5bbfddae,Kori,1997,2292.79,Product Management
138db6c4-badd-4414-b998-14dd7d2ebace,Abby,2003,1649.63,Training
5127c901-d130-46af-9278-7a6db73c0535,Ashia,2000,1948.8,Training
c5ae9af1-207c-404a-a4d1-2e36c8a8f31e,Sukey,2012,1660.51,Accounting
cdd8ede5-e73e-4431-b6bf-56f0ef41606f,Raynard,1967,2119.98,Research and Development
2bd69bc7-0ba7-44d9-8b55-01be36ce6366,Purcell,2010,1074.01,Sales
80941767-bb36-430e-8df8-d1752e388c8d,Claire,2011,2671.83,Marketing
8506fd5f-c683-4717-9fb5-efa8d08426df,Happy,2012,1443.5,Legal
d5e465bf-5934-4eff-8853-a0d1a1033e5a,Gibby,1996,1231.46,Accounting
593aa6a8-9dcf-469e-81ff-5d69750303bc,Oralie,2002,2447.41,Product Management
407f0270-9d19-4572-8476-2ed879d6b465,Tilda,1994,1997.52,Engineering
d4bb3305-61ac-4ca9-966d-b4a3ba00594b,Trescha,1994,2497.13,Product Management
de032afd-869c-45d2-8ba4-db3721d4449e,Katee,2011,1091.25,Training
0d366b3c-e847-470e-aebe-29a9f0e51c25,Even,1998,2535.77,Services
fb1e1499-ee9d-4df6-9c3c-67f441825d23,Johna,2006,1347.1,Training
9c3870c4-2b34-46f2-badb-8dfd25d02267,Murdoch,2007,1301.11,Research and Development
c416b32b-8cbf-4910-8ff3-0764a3fb5f67,Cordy,1995,2616.21,Marketing
7c6cd502-344f-483c-931d-449836d6ac2f,Helaine,1995,997.32,Business Development
8cfea5c2-f72f-4707-b206-1e841c02c976,Sigmund,2012,2510.99,Human Resources
b8f6cf00-1bfb-4993-8027-148682daadfb,Micky,1994,2294.43,Legal
6a572726-cd7a-421c-95a6-2b2234d6d062,Rip,2006,1116.8,Training
cf0b7a5b-2aa2-47df-ac87-6fbc31adbbec,Zeb,1994,1901.44,Marketing
3e5867db-5d14-40f1-9530-0dd211965b12,Lenka,1993,1599.8,Business Development
b7fcb9fe-1a4f-4597-b139-76c3230391bd,Arline,2006,2063.15,Services
0b036ee2-4449-483f-876c-8e8827d1f50a,Skipton,2007,1503.96,Research and Development
0480098a-4a4d-4daf-8f30-b8e0be4fef7a,Harland,2000,2020.77,Human Resources
d234fd4f-d48b-4a0b-bfb6-a2a64539dea2,Michell,1999,2252.11,Research and Development
c54bfb26-324b-45a5-8970-a8d8343b0796,Archer,1999,1383.28,Sales
da6ad943-21af-49d5-8335-21301829f2dc,Tomkin,2002,2228.53,Research and Development
c803d95b-8e9a-4bea-ae6c-4d648bb83a63,Beckie,2011,1543.51,Human Resources
7040f0f1-a159-484e-b918-0113e7dbd3cd,Pauli,1999,1902.33,Business Development
905c7966-1191-41b0-a183-04bda628bfaf,Ettore,2008,2210.83,Marketing
10713046-128f-4ce9-9338-2abbca15f3b3,Paulina,1997,1030.98,Support
1ce364bf-32b8-4157-8128-40e565ff427f,Izaak,1998,2075.26,Legal
7ae706a3-0ecf-4744-8ac8-0094febdbc25,Lind,1964,1106.46,Product Management
d5909e26-1c9b-4835-b81f-c81ea5321440,Allie,1998,1014.52,Training
3c08d234-4bf5-4031-8e56-d190ac1594c1,Odell,2004,2296.0,Accounting
2d6bd6c7-883b-48b5-a88b-55730f253ac7,Steffen,2007,2620.53,Services
8ee1f88c-4b99-40a8-864d-dcbf3e7fe9db,Clarie,2010,1080.76,Human Resources
dc6da478-ab33-45d9-8392-0e0502220d47,Amalie,1997,2135.83,Business Development
8cc9c29a-a892-41a3-9e31-5ef5f8597427,Benji,2003,2685.08,Business Development
99aac6eb-f56b-428d-923f-e137d0b380a9,Willie,2004,1322.39,Marketing
d8d51d74-4809-44ca-87b1-55545bae3d80,Bruno,2011,1987.87,Services
0c3d6341-6836-49bc-b293-5eb2dde607d2,Padraic,2002,2362.91,Engineering
702a8b50-715b-4e87-9917-2d7607d8c14f,Netta,1993,1779.12,Product Management
89521dfb-db76-4800-b9fe-b45404daad21,Ceil,2003,1097.37,Research and Development
78c91d60-0c89-41a0-bb5f-fabbe66efad4,Orbadiah,2004,1317.05,Product Management
1c68a53b-b994-4376-8a09-c94634577fed,Garnet,2003,2358.17,Training
66cd98ed-d8e0-4f89-b4eb-1688c1972965,Mariann,1989,1183.12,Legal
bc6e1689-93e6-4641-85f5-dd69761840a6,Ernaline,2009,1982.42,Business Development
e08076a8-ed0c-4ccc-9d0f-e3767525acb8,Averill,2010,1686.65,Sales
08910ce6-1f07-48ce-ae49-8372dbbf25e5,Ted,2007,1630.24,Product Management
bb95268f-1f20-41f5-ad6f-058bab1c5f40,Giacobo,1998,1998.11,Product Management
f1e7856a-26c2-4222-947d-1792beffa1d3,Fiorenze,1996,1537.11,Business Development
3a328928-59a4-4f23-8eed-6e895f12fbf3,Bab,1991,1870.67,Product Management
2484b4e4-9b80-46f1-a794-04ab436d1f9a,Wilona,2000,1288.51,Business Development
de66dc8d-12ba-42db-a2cb-497be1065c57,Dredi,1997,2501.62,Engineering
4c0b3430-7614-48c6-b9b6-e09a2b04b717,Enrichetta,1987,2407.14,Engineering
7ef4bb7b-92d9-47fa-90bd-34003d35093b,Chick,2002,1584.15,Training
91ef9190-8e3b-46d1-9eb1-9c8b9fabcfb6,Rosie,2004,1772.78,Support
232ab4c4-b41c-4511-95ff-3cecfd1f127d,Brena,1992,2692.75,Accounting
97680300-e527-40c8-85e7-a91d42927fa0,Ilyssa,1985,1534.5,Research and Development
38eb0b3d-99ee-48f3-afce-a631e9debaf8,Wilmar,2005,1334.05,Product Management
6da4c79b-ea89-45c8-b043-1fe6664e303f,Cody,2003,1942.87,Sales
13d9649d-00a9-47ee-8847-0acaa1795e9b,Jenine,1997,1508.09,Services
c8c07b24-dc57-4448-9a23-74ed7020dd22,Leland,1999,907.87,Product Management
2f6209a9-9ce8-46d2-8823-d68b03d374ae,Beulah,2006,2305.68,Support
f3e9e2a6-5ec3-4e89-a9b3-6a1f88dc8247,Man,2003,1099.1,Human Resources
a3ddf539-0adb-4875-a6d7-071b24ff4580,Hewie,1987,2146.19,Engineering
11c1ef5f-c001-424c-bd0d-24de1e0a135e,Man,2000,2174.82,Marketing
5c3fbd15-7a4e-4c34-b649-47dd6511cd39,Guillermo,2003,2368.79,Research and Development
450754d4-f694-4b5c-85f3-f25899a4cc37,Joice,1998,1541.82,Training
be21769d-4e8f-4e05-a0a2-cd4783298e0c,Klement,2005,2537.54,Legal
36d8a0cd-df8e-441a-806c-3afdcb79c801,Loraine,2008,1836.68,Legal
c31ab15a-c301-401b-88da-590f564cb820,Abbe,2007,2676.03,Legal
b97d3460-e927-4f5a-aecb-638fee99d876,Ulises,1996,1655.11,Training
86ce6def-2a2e-4178-ad27-dd08e6e0a652,Rhianon,1987,1565.51,Human Resources
95ff462b-1db0-4ef7-859f-8569eb5be185,Caitrin,1999,1115.2,Support
bdf29694-e5ac-481f-a6aa-de8715cd759b,Galvan,2004,1387.61,Human Resources
2f18ed59-2453-424e-b64b-61a0a7af0f02,Melinda,1994,1832.47,Marketing
cffd8a88-dbf6-46a1-8244-c8964eb0fa16,Arden,1989,1801.65,Legal
73d54fd8-4598-4249-9e13-a3c42d5b5e33,Zacharia,2005,1713.66,Engineering
eba1df43-f31c-48b2-af17-e509e1396451,Ranee,1996,1656.54,Engineering
58e7bc22-0496-4f4a-bb9c-82a69c79e845,Todd,1995,2156.69,Accounting
497a4d25-d993-406b-ac7b-007010dd0752,Aksel,2010,1248.2,Engineering
099abb56-f0a1-4224-b446-f25158f5c14b,Rolando,1995,2296.52,Accounting
de9b3fe7-836f-435b-88ec-8391d458292e,Eden,2011,2027.09,Product Management
1989ae74-e60a-4055-9713-ac43721516c8,Barbey,2011,1274.38,Support
de63363a-925f-41fb-b060-3f91c616b84a,Adoree,2011,2527.37,Product Management
31c94f8d-5681-4523-b73b-183ddccc4912,Reggis,1999,1712.03,Sales
767dcec4-346e-472a-bd01-4717c225fd3d,Bettina,1993,2618.11,Accounting
0ea1f38f-7192-437c-8068-1bd72ab17b01,Broddy,2002,2696.4,Research and Development
39d6cc0b-2feb-4431-a799-9e6641c8a2e8,Penrod,2007,1407.8,Marketing
f6ba8f0e-7316-4594-a476-dab8557f662d,Simone,1992,1309.82,Engineering
75fb7557-e078-44e0-b20c-7446095d1c87,Rhonda,1992,2248.36,Sales
fb2519ba-f160-4cc0-8d65-c4e89f904c40,Grethel,1997,2046.83,Legal
d25518a7-fb63-4de8-a2ef-03e659d97950,Nelson,1984,2478.32,Services
ac76c469-127a-466c-b05b-10b5dd3c7b79,Jocelyne,2010,1352.98,Product Management
8f5eb702-235a-4996-af25-7460e3b54492,Matty,1998,1204.88,Sales
72b2f895-bd97-4fc4-9f64-31bbaa6057a9,Harmonie,1997,2072.34,Accounting
ae107a27-8a39-4b1d-a25f-f76c4d2e2cbb,Staford,1996,950.66,Accounting
2ffe49b6-876d-433a-a0e7-e48152176553,Carlie,2010,1563.35,Marketing
e75f002a-9ed7-4577-a349-668b4ec0573d,Lincoln,1998,1025.25,Services
99173e7e-64bf-4acc-9ad0-4983e4026a2d,Vasily,2002,2672.28,Marketing
a7bdcfac-0deb-4ee8-b46c-f09fdf933cf5,Crystal,1998,1214.39,Product Management
2d3cf2e2-e2f7-4627-be3c-51cf06e04d31,Luce,2002,2607.58,Business Development
764e4229-0802-4b7d-9267-5d0dd27d2679,Debi,1998,2215.99,Research and Development
b14975ac-ec2c-41e0-9514-5a22bf1c840b,Pooh,1992,2577.48,Human Resources
ebe6eedd-3551-4bfd-a414-64884039ae75,Lawry,1992,1900.47,Training
bc672e69-0735-4d14-be08-02707ebfa6ac,Minnie,1992,962.81,Services
98f0ef29-1f26-44df-bbcb-102d275aeae5,Eloisa,2001,1192.37,Marketing
86b14924-e37c-44b5-91c7-9dfa80b84acd,Rockwell,2012,2666.2,Engineering
03687db6-4772-417b-8cc6-2083411c9a0a,Jenine,2010,1481.33,Product Management
e304d0d1-a6ca-4cf1-b983-e43263fe425c,Karlotta,2004,1920.03,Research and Development
3b2aadcd-0db3-4009-999b-fcfbabf74aac,Lettie,2005,1029.58,Training
1a144af8-2ac3-48e6-97f1-022a76ce628b,Saw,2007,2168.01,Sales
a1b0ada0-8ce8-415c-baff-e7f4da6d84b2,Fitz,2012,2522.76,Accounting
0c40caca-c493-45d9-b93a-49a5e951dfe5,Reta,2011,967.14,Accounting
ae9bc193-260b-40b4-a3b7-13d6192bb47e,Tanya,2004,1984.34,Engineering
360992cd-ffbf-4b65-990c-defc9caca075,Kalie,2000,1378.51,Business Development
c18c45da-2fde-4f65-8c9f-700d3c49fd4f,Tamra,1985,1700.67,Training
dddd1f3e-dc31-4401-ad7f-8efac35ec5af,Thom,2011,1809.82,Research and Development
e2e9cf2b-9c40-41dd-9ddf-76b3b7157001,Dorita,2007,2006.25,Research and Development
aedc4d5a-ae64-4420-8dca-5a25c9d21c1b,Megan,2007,2636.79,Product Management
51b88e27-5c19-4b52-aad0-1f33857bf8de,Arie,2011,1073.69,Services
017493b6-70c0-4475-867c-bb9338ca7822,Zak,2010,1410.04,Engineering
c7532aec-e7b5-4f6c-b152-ad1a5e8f5e49,Dolf,2013,1457.35,Services
aab99328-62b3-4fef-81f5-b7e7a72b85f4,Lenna,2010,2613.7,Accounting
0ef45d46-a8ea-45a1-91b8-1b0e18426480,Dru,1997,2091.95,Business Development
614aa53c-828a-4ba6-a599-2ee9566304b4,Gearalt,2010,1410.42,Accounting
22bdffd5-739f-4b1b-9cc6-7ed551ff9023,Riley,1992,2636.27,Engineering
82f3fa64-c675-4436-978d-ddb7aa606062,Nerta,1996,1889.62,Accounting
4b4a39b4-6fae-4d5a-b6be-bbb6ceaa9af1,Farris,2013,2211.57,Engineering
5620b892-24f8-4658-957c-0601ffc98083,Lisette,1996,2357.83,Legal
b7ef5663-e90b-4d35-a003-dac01bcbafcd,Melba,2012,1231.16,Training
829ae0fe-6fba-43e9-8b90-961953836ad4,Aylmar,2012,1217.3,Services
52c926e0-f94e-4286-98cd-30be6e25f4db,Deva,2003,1848.78,Support
44a493a9-a20f-44e7-816b-c177904004ab,Aurel,2001,1330.24,Human Resources
4a576c50-0752-481b-8ab6-17835eeb473b,Chrotoem,2011,1030.69,Marketing
75e7ee69-8353-4946-80af-6d73b498dc67,Alena,2008,2164.69,Legal
ca50d55c-b861-4a3b-b28d-d59ac8f21286,Rosalinda,1995,1973.0,Marketing
32bf8a5d-ca02-4422-b9e7-4ed52cd76f62,Kaylyn,1998,2681.23,Support
8b87476a-7d5d-41f4-8093-c44500761cf7,Roze,2001,2348.89,Research and Development
09fe535e-949b-40a9-9e59-df3890652d01,Hagan,1987,2132.74,Engineering
8c712a6a-708e-4226-8d27-446a3d45b3fa,Meghann,1986,2483.97,Engineering
be6aa5e3-7333-4f64-b524-4db262355fb8,Darrel,2009,1624.39,Legal
8fab88be-3250-4c26-9cb1-7d9fb0172a15,Niven,2007,1857.17,Research and Development
7aaf56c9-8418-4589-b7e3-2de3be86520d,Tamarra,1993,1316.65,Support
537a9640-3cc9-43ea-981c-d42964bd05a8,Stafford,1995,1339.08,Legal
db2ec75c-5f50-48c5-80c4-54a0965aac75,Emyle,2013,1342.07,Marketing
4c6923b4-c706-4986-a9ac-7a356da0fc65,Ari,1988,1755.43,Business Development
8cd9a3b9-d84c-4017-a05c-a9c89c6e099e,Leonie,2006,1403.39,Training
a12ed74a-ba65-4e2e-a552-bc82f8184068,Ninetta,1994,1556.94,Support
e620c665-c68c-4a0a-895d-1d5394e33b7f,Dorey,1996,2360.0,Services
a3c9b496-583e-4424-8d32-0225525c812e,Heida,2005,1700.25,Research and Development
c9a3d9b4-497c-44d5-a4d9-110d01633f8c,Ludwig,1993,1864.68,Accounting
8a3a3dc6-3959-4322-9621-9702d81552d8,Samantha,1994,965.98,Business Development
a2b55921-7bb7-4826-9f21-31680ae4a846,Susan,2011,1645.31,Human Resources
3bb55ea0-d136-480b-a98c-7a1f6e322566,Carlynne,2002,1844.0,Training
306ca448-d313-4bb7-93ae-384173c5b035,Fields,1993,1944.89,Sales
018c1a2b-a472-43ac-a900-3cda487e0cd4,Alanah,2007,1598.72,Product Management
8dc6a29f-ebde-4446-8b0c-47d736499f73,Mavis,2005,2065.89,Marketing
3d36da54-6815-4f85-b28d-052911b69823,Simone,2005,1798.11,Marketing
2bd2e9ac-1973-47d0-b60b-50917ad29f64,Gil,1995,2534.72,Legal
1ee115b4-6805-47d3-bba4-ea1328aec056,Andree,2013,1372.43,Research and Development
41c629a4-ab6d-4491-93f8-5b64195b250f,Hasty,1995,2292.17,Marketing
9c6548c7-a69e-4438-9648-a1220c8ec321,Lacee,2011,1333.38,Engineering
332f8a3d-6eb6-493d-a964-155401b8c58d,Mireille,2009,1181.18,Business Development
d41781c2-a5a0-46a2-8d88-0e8af2cf3be9,Devonne,1997,1557.59,Training
a9053b8d-2ae7-48f2-ae2e-ef45feda5939,Dyna,2008,2085.21,Business Development
2fcfc4f3-9d1e-438c-b0c8-1b0d8f25ecec,Alene,2001,878.76,Business Development
6653e451-9458-429a-9b72-3093d1ce4601,Pansie,2007,2194.38,Training
b50a1aea-df6d-49de-97f5-eae2e9a81357,Dewitt,1994,2388.65,Research and Development
59a7e4c2-3890-4713-a6b0-0b28cfd32322,Chandler,1994,898.83,Human Resources
96b5b6e5-bf56-41e3-b70c-12d37dcc0423,Auroora,1993,1714.96,Product Management
1d4ae24a-e5a7-4384-9586-1f1fe71f0829,Lindsy,1997,1649.31,Engineering
cfcb02ef-a008-4593-9970-000be26050d1,Patin,2004,2671.4,Legal
c99d4d1d-4b22-4ec8-9b95-83c007e82195,Kele,1992,960.38,Training
202b67d3-281a-4360-984c-dd61352fd206,Ariadne,2012,2341.48,Product Management
726a9984-1dd8-4de4-b988-f711d95cdb50,Kaila,1992,2255.81,Legal
8a8c58ba-f22b-4d89-8b9d-9297b9d05d48,Felice,1997,2263.09,Support
3a1d3501-501b-4e22-80e3-50dbc28d35a8,Albina,2006,2163.94,Human Resources
55ff7d1e-bddc-4b32-8db3-de7afd5599bf,Jerry,2011,2696.3,Training
c3a429bb-6c15-40ed-8cec-6bedce171950,Patrizio,2012,2491.64,Research and Development
eb9b3849-0495-4f51-95b7-8ea9aec730f4,Davine,1987,970.57,Support
5509ac9a-417d-4988-a77e-93084479e447,Rosy,1991,2362.63,Services
aba7f0b2-1414-4654-bd66-89be2ec3b08c,Willie,1999,1172.86,Human Resources
3ce31348-fdcf-43ea-9efd-e358ae46b83a,Tonia,1992,981.75,Research and Development
f4a4e0b0-1d35-4c57-988d-7289da57d1b8,Isaiah,2010,2433.11,Legal
0c0a887c-bc0c-4b96-9eaa-a24d98fe2989,Gisella,1994,1798.2,Services
3b3051ee-676a-471c-860a-92d2a96ab54c,Geoffry,2012,960.43,Accounting
7a5e6695-de2f-44f9-84ea-55caa54d483c,Rosamond,1987,2464.62,Engineering
6969648f-efd9-4c17-8401-841c5a66c332,Selinda,2008,2549.15,Services
d2696a75-2c44-470e-aae5-facc044ed332,Hewitt,1996,1873.44,Services
e5af1c8b-243c-4079-9463-c69a1553bb43,Oriana,1998,1061.7,Engineering
3fff50ae-6b56-49f2-9894-8792f6d77dc3,Karleen,2004,1849.28,Business Development
4c6738b8-ff06-4a10-82b0-69e2dea95086,Garold,2006,1890.68,Services
9f21269c-d753-4c8f-bd5b-2fdcf9923e3d,Fidelity,1989,2439.27,Product Management
34d81b73-d268-4429-85f2-f2d512234f92,Verene,2000,1283.62,Product Management
1ba74fcf-4fe1-4739-b40b-9546a65501d1,Rey,2006,2644.38,Business Development
eb51ef46-27c6-4860-9af4-9e2055237563,Giacobo,2008,875.84,Research and Development
79904003-a2fd-4aec-9540-4e5991b7aa64,Angeli,2008,2594.67,Support
e24655fa-517f-4408-af4b-7c488fba1cbf,Horacio,2012,1842.11,Sales
